Hierarchical_Cluster,Age_mean,Age_std,Annual_Income_k_mean,Annual_Income_k_std,Spending_Score_1100_mean,Spending_Score_1100_std,Income_to_Spending_Ratio_mean,Income_to_Spending_Ratio_std,Age_Group,Spending_Behavior,Savings_Potential,Spending_Type
0,44.14418604651163,15.052327766168869,119.94543255813953,17.947719256968906,50.009302325581395,28.77157714446906,7.4779649146679095,18.673151415269825,Senior,Medium,-2.9099999999999966,High Spending
1,44.27719298245614,15.05004582773262,48.652873684210526,23.79712433934017,49.53333333333333,28.89703267902403,2.121053435006434,3.68553804090851,Middle-Aged,Medium,-87.172,High Spending
