,CustomerID,CustomerID,Age,Age,Annual Income (k$),Annual Income (k$),Spending Score (1-100),Spending Score (1-100)
,mean,std,mean,std,mean,std,mean,std
Hierarchical_Cluster,,,,,,,,
0,259.00469483568077,144.86449418669758,44.159624413145536,15.099758333995336,120.19900469483568,17.83857263874309,50.46948356807512,28.508609395017864
1,244.18815331010452,144.12518645141358,44.26480836236934,15.014896398635186,48.96149477351916,23.999233092186184,49.19512195121951,29.078449062796718
