KMeans_Cluster,Age_mean,Age_std,Annual_Income_k_mean,Annual_Income_k_std,Spending_Score_1100_mean,Spending_Score_1100_std,Income_to_Spending_Ratio_mean,Income_to_Spending_Ratio_std,Age_Group,Spending_Behavior,Savings_Potential,Spending_Type
0,43.36178861788618,15.0173777994516,42.813455284552845,20.06831144976905,51.63414634146341,28.863582956816494,1.837737169966302,3.6922501996460295,Middle-Aged,Medium,-87.172,High Spending
1,45.05118110236221,15.037020803567245,114.65443700787401,20.755856234081264,47.90157480314961,28.70571270974166,6.929839928420173,17.26484442648789,Senior,Low,-14.313999999999991,High Spending
