,CustomerID,CustomerID,Age,Age,Annual Income (k$),Annual Income (k$),Spending Score (1-100),Spending Score (1-100)
,mean,std,mean,std,mean,std,mean,std
Cluster,,,,,,,,
0,258.1377952755906,145.65032272719145,45.05118110236221,15.037020803567245,114.65443700787401,20.755856234081264,47.90157480314961,28.70571270974166
1,242.6138211382114,143.13348006081213,43.36178861788618,15.0173777994516,42.813455284552845,20.06831144976905,51.63414634146341,28.863582956816494
