,Age_kmeans,Annual_Income_k_kmeans,Spending_Score_1100_kmeans
count,39.0,39.0,39.0
mean,50.05128205128205,85.4861282051282,36.282051282051285
std,14.112235672688842,4.7581759009292135,25.703725634059065
min,20.0,77.215,5.0
25%,38.5,82.0145,17.0
50%,50.0,85.353,32.0
75%,61.5,89.0555,45.5
max,69.0,94.555,100.0
